id,video_url,view_count,likes,retweets,post
1,https://twitter.com/Trumpgal613/status/1589986386777894914?s=20&t=Hr_S9D5NJbHoemjxo1Pgaw,,,,
2,https://twitter.com/wakeywakeypeeps/status/1589986479476191233?s=20&t=Hr_S9D5NJbHoemjxo1Pgaw,,,,
3,https://twitter.com/tylerbowyer/status/1589986706744578048,,,,
4,https://twitter.com/Bluedevil82nd/status/1589987457990561792?s=20&t=Hr_S9D5NJbHoemjxo1Pgaw,,,,
5,https://twitter.com/charliekirk11/status/1589987833846333440,,,,
6,https://twitter.com/bennyjohnson/status/1589989438213754880?s=20&t=Hr_S9D5NJbHoemjxo1Pgaw,,,,
7,https://twitter.com/Quickmig/status/1589990396565676032?s=20&t=Hr_S9D5NJbHoemjxo1Pgaw,,,,
8,https://twitter.com/fredjames___/status/1589990681120215040,,,,
9,https://twitter.com/ch_frag/status/1589990652737380352?s=20&t=Hr_S9D5NJbHoemjxo1Pgaw,,,,
10,https://twitter.com/444CNews/status/1589992313912061953?s=20&t=Hr_S9D5NJbHoemjxo1Pgaw,,,,
11,https://twitter.com/JackPosobiec/status/1589992364764192768?s=20&t=Hr_S9D5NJbHoemjxo1Pgaw,,,,
12,https://twitter.com/reneeAZpatriot4/status/1589992816570400773?s=20&t=Hr_S9D5NJbHoemjxo1Pgaw,,,,
13,https://twitter.com/Bubblebathgirl/status/1589993497527865344?s=20&t=Hr_S9D5NJbHoemjxo1Pgaw,,,,
14,https://twitter.com/Informa3Chile/status/1589993918141468672?s=20&t=Hr_S9D5NJbHoemjxo1Pgaw,,,,
15,https://twitter.com/warsmith75/status/1589993972650618881?s=20&t=Hr_S9D5NJbHoemjxo1Pgaw,,,,
16,https://twitter.com/sues86453/status/1589994095426297856?s=20&t=Hr_S9D5NJbHoemjxo1Pgaw,,,,
17,https://twitter.com/elsalvador/status/1589994208307609601?s=20&t=Hr_S9D5NJbHoemjxo1Pgaw,,,,
18,https://twitter.com/SeekingAnon/status/1589995162201006083?s=20&t=Hr_S9D5NJbHoemjxo1Pgaw,,,,
19,https://twitter.com/officer_Lew/status/1589995427151040512?s=20&t=Hr_S9D5NJbHoemjxo1Pgaw,,,,
20,https://twitter.com/YannisEst/status/1589995426740334593?s=20&t=Hr_S9D5NJbHoemjxo1Pgaw,,,,
21,https://twitter.com/8210Dadeof/status/1589995832941875200?s=20&t=Hr_S9D5NJbHoemjxo1Pgaw,,,,
22,https://twitter.com/SEODESIGNTECH/status/1589996356994990080?s=20&t=Hr_S9D5NJbHoemjxo1Pgaw,,,,
23,https://twitter.com/__cski/status/1589996887528321025?s=20&t=Hr_S9D5NJbHoemjxo1Pgaw,,,,
24,https://twitter.com/ScreamedInVain/status/1589997804629688321?s=20&t=Hr_S9D5NJbHoemjxo1Pgaw,,,,
25,https://twitter.com/CapoQ777/status/1589997928437145601?s=20&t=Hr_S9D5NJbHoemjxo1Pgaw,,,,
26,https://twitter.com/Rivershits_/status/1589998438783287296?s=20&t=Hr_S9D5NJbHoemjxo1Pgaw,,,,
27,https://twitter.com/gchahal/status/1589999045216727045?s=20&t=Hr_S9D5NJbHoemjxo1Pgaw,,,,
28,https://twitter.com/EileenK78368033/status/1589999063990407169?s=20&t=Hr_S9D5NJbHoemjxo1Pgaw,,,,
29,https://twitter.com/niceblackdude/status/1589999651700473857?s=20&t=Hr_S9D5NJbHoemjxo1Pgaw,,,,
30,https://twitter.com/TheKeeper46/status/1590000053867147265?s=20&t=Hr_S9D5NJbHoemjxo1Pgaw,,,,
32,https://twitter.com/Beautyjunkie21/status/1590001911193038848?s=20&t=Hr_S9D5NJbHoemjxo1Pgaw,,,,
33,https://twitter.com/His4Trump/status/1590002253288861701?s=20&t=Hr_S9D5NJbHoemjxo1Pgaw,,,,
34,https://twitter.com/EdwinChuckles/status/1590002677291028484?s=20&t=Hr_S9D5NJbHoemjxo1Pgaw,,,,
35,https://twitter.com/Annie6774/status/1590003098310746112?s=20&t=Hr_S9D5NJbHoemjxo1Pgaw,,,,
36,https://twitter.com/World_Wire_News/status/1590003019688513536?s=20&t=Hr_S9D5NJbHoemjxo1Pgaw,,,,
37,https://twitter.com/PawelPiotr1944/status/1590003867009224706?s=20&t=Hr_S9D5NJbHoemjxo1Pgaw,,,,
38,https://twitter.com/denkinte_2/status/1590004050811973632?s=20&t=Hr_S9D5NJbHoemjxo1Pgaw,,,,
39,https://twitter.com/KBRose67/status/1590004094365990916?s=20&t=Hr_S9D5NJbHoemjxo1Pgaw,,,,
40,https://twitter.com/vl_plus/status/1590004258677870592?s=20&t=Hr_S9D5NJbHoemjxo1Pgaw,,,,
41,https://twitter.com/charliekirk11/status/1592179243957436416,,,,
42,https://twitter.com/j_dog1st/status/1590005238576349184?s=20&t=Hr_S9D5NJbHoemjxo1Pgaw,,,,
43,https://twitter.com/CarolKa03555234/status/1590005837258530816?s=20&t=Hr_S9D5NJbHoemjxo1Pgaw,,,,
44,https://twitter.com/george_orwell3/status/1590005862772658177?s=20&t=Hr_S9D5NJbHoemjxo1Pgaw,,,,
45,https://twitter.com/j_dog1st/status/1590006677683998721?s=20&t=Hr_S9D5NJbHoemjxo1Pgaw,,,,
46,https://twitter.com/SonsofCormac/status/1590006920613875712?s=20&t=Hr_S9D5NJbHoemjxo1Pgaw,,,,
47,https://twitter.com/StevenWurtz1/status/1590007133021487105?s=20&t=Hr_S9D5NJbHoemjxo1Pgaw,,,,
48,https://twitter.com/SWFLPatriot/status/1590007104357957634?s=20&t=BGcYe4RkEHKfKfDKloh8cA,,,,
49,https://twitter.com/SWFLPatriot/status/1590007282082799616?s=20&t=BGcYe4RkEHKfKfDKloh8cA,,,,
50,https://twitter.com/smitty92163/status/1590007535163281410?s=20&t=Hr_S9D5NJbHoemjxo1Pgaw,,,,
51,https://twitter.com/shivade2001/status/1590007558387159040?s=20&t=Hr_S9D5NJbHoemjxo1Pgaw,,,,
52,https://twitter.com/MichaelBurea/status/1590007585218101253?s=20&t=Hr_S9D5NJbHoemjxo1Pgaw,,,,
53,https://twitter.com/info288/status/1590009106471211008?s=20&t=Hr_S9D5NJbHoemjxo1Pgaw,,,,
54,https://twitter.com/MaricopaVote/status/1590009384377384961?s=20&t=GkN67iYXyz_zwB0rOpBgHQ,,,,
55,https://twitter.com/SinedWarrior/status/1590009536035033088?s=20&t=Hr_S9D5NJbHoemjxo1Pgaw,,,,
56,https://twitter.com/oc4iron/status/1590009539218194432?s=20&t=Hr_S9D5NJbHoemjxo1Pgaw,,,,
57,https://twitter.com/mrctv/status/1590009989212827648?s=20&t=Hr_S9D5NJbHoemjxo1Pgaw,,,,
58,https://twitter.com/JackPosobiec/status/1590011254504329218?s=20&t=Hr_S9D5NJbHoemjxo1Pgaw,,,,
59,https://twitter.com/Pma63P/status/1590011014724321282?s=20&t=Hr_S9D5NJbHoemjxo1Pgaw,,,,
60,https://twitter.com/TruTHGiRL__/status/1590011250494566400?s=20&t=Hr_S9D5NJbHoemjxo1Pgaw,,,,
62,https://twitter.com/CarlBer45319926/status/1590012265088299010?s=20&t=Hr_S9D5NJbHoemjxo1Pgaw,,,,
63,https://twitter.com/stinchfield1776/status/1590012664415420416?s=20&t=Hr_S9D5NJbHoemjxo1Pgaw,,,,
64,https://twitter.com/ben_kew/status/1590012828500774913?s=20&t=Hr_S9D5NJbHoemjxo1Pgaw,,,,
65,https://twitter.com/BarMan_RLM/status/1590013101927272448?s=20&t=Hr_S9D5NJbHoemjxo1Pgaw,,,,
66,https://twitter.com/markstewartaz/status/1590013497362239489?s=20&t=Hr_S9D5NJbHoemjxo1Pgaw,,,,
67,https://twitter.com/johanneswreich/status/1590013526814625792?s=20&t=Hr_S9D5NJbHoemjxo1Pgaw,,,,
68,https://twitter.com/Informa3Chile/status/1590014700636770306?s=20&t=Hr_S9D5NJbHoemjxo1Pgaw,,,,
69,https://twitter.com/el5elementotv/status/1590015403933437953?s=20&t=Hr_S9D5NJbHoemjxo1Pgaw,,,,
70,https://twitter.com/texastornado018/status/1590015988074180609?s=20&t=Hr_S9D5NJbHoemjxo1Pgaw,,,,
71,https://twitter.com/ElAmerican_/status/1590019322617171969?s=20&t=Hr_S9D5NJbHoemjxo1Pgaw,,,,
72,https://twitter.com/TerryJMcMurray/status/1590019416372150272?s=20&t=Hr_S9D5NJbHoemjxo1Pgaw,,,,
73,https://twitter.com/ingridschaaf2/status/1590019719431852032?s=20&t=Hr_S9D5NJbHoemjxo1Pgaw,,,,
74,https://twitter.com/wrigamaroo/status/1590020094704242688?s=20&t=Hr_S9D5NJbHoemjxo1Pgaw,,,,
75,https://twitter.com/wayka01/status/1590020584574193665?s=20&t=Hr_S9D5NJbHoemjxo1Pgaw,,,,
76,https://twitter.com/HustusMichael/status/1590021213954662406?s=20&t=Hr_S9D5NJbHoemjxo1Pgaw,,,,
77,https://twitter.com/EtalkTV/status/1590021499410583552?s=20&t=Hr_S9D5NJbHoemjxo1Pgaw,,,,
78,https://twitter.com/ConstanceHallUK/status/1590021839148949505?s=20&t=Hr_S9D5NJbHoemjxo1Pgaw,,,,
79,https://twitter.com/KipForce/status/1590022096289091584?s=20&t=Hr_S9D5NJbHoemjxo1Pgaw,,,,
80,https://twitter.com/TrueMarketNews/status/1590022991622320129?s=20&t=Hr_S9D5NJbHoemjxo1Pgaw,,,,
81,https://twitter.com/JackPosobiec/status/1590023178755407872?s=20&t=Hr_S9D5NJbHoemjxo1Pgaw,,,,
82,https://twitter.com/Psycho111177/status/1590023813659787264?s=20&t=Hr_S9D5NJbHoemjxo1Pgaw,,,,
83,https://twitter.com/TheBeowulf/status/1590023929292214272?s=20&t=Hr_S9D5NJbHoemjxo1Pgaw,,,,
84,https://twitter.com/PatWhit49893670/status/1590024136235290624?s=20&t=Hr_S9D5NJbHoemjxo1Pgaw,,,,
85,https://twitter.com/ofiresearch/status/1590024414888099840?s=20&t=GkN67iYXyz_zwB0rOpBgHQ,,,,
86,https://twitter.com/ElijahSchaffer/status/1590024651509415936?s=20&t=Hr_S9D5NJbHoemjxo1Pgaw,,,,
87,https://twitter.com/DiretoDaAmerica/status/1590025000190607360?s=20&t=GkN67iYXyz_zwB0rOpBgHQ,,,,
88,https://twitter.com/Justafrog383/status/1590025353569140736?s=20&t=Hr_S9D5NJbHoemjxo1Pgaw,,,,
89,https://twitter.com/OshaSenator/status/1590025535824203776?s=20&t=Hr_S9D5NJbHoemjxo1Pgaw,,,,
90,https://twitter.com/realzaidzayn/status/1590026060842041344?s=20&t=Hr_S9D5NJbHoemjxo1Pgaw,,,,
91,https://twitter.com/vespaarancione/status/1590026095247912961?s=20&t=Hr_S9D5NJbHoemjxo1Pgaw,,,,
92,https://twitter.com/ofiresearch/status/1590026152307228673?s=20&t=GkN67iYXyz_zwB0rOpBgHQ,,,,
93,https://twitter.com/Dtrainboy/status/1590026797827371008?s=20&t=Hr_S9D5NJbHoemjxo1Pgaw,,,,
94,https://twitter.com/Ant52529536Jose/status/1590027869886943232?s=20&t=Hr_S9D5NJbHoemjxo1Pgaw,,,,
95,https://twitter.com/ben_kew/status/1590028157897187328?s=20&t=Hr_S9D5NJbHoemjxo1Pgaw,,,,
96,https://twitter.com/N4v1gat0r/status/1590029134574780416?s=20&t=Hr_S9D5NJbHoemjxo1Pgaw,,,,
97,https://twitter.com/tcvatandasi16/status/1590029526557675520?s=20&t=Hr_S9D5NJbHoemjxo1Pgaw,,,,
98,https://twitter.com/LetItShine69/status/1590031182615703554?s=20&t=Hr_S9D5NJbHoemjxo1Pgaw,,,,
99,https://twitter.com/gchahal/status/1590031161639997440?s=20&t=GkN67iYXyz_zwB0rOpBgHQ,,,,
100,https://twitter.com/NikiD86394644/status/1590031779733606400?s=20&t=Hr_S9D5NJbHoemjxo1Pgaw,,,,
101,https://twitter.com/AmericanPigeon/status/1590032080494546945?s=20&t=Hr_S9D5NJbHoemjxo1Pgaw,,,,
102,https://twitter.com/BridgesCassius/status/1590032259356057600?s=20&t=Hr_S9D5NJbHoemjxo1Pgaw,,,,
103,https://twitter.com/Rivershits_/status/1590032297356849152?s=20&t=Hr_S9D5NJbHoemjxo1Pgaw,,,,
104,https://twitter.com/pimentonverde/status/1590032850216423430?s=20&t=Hr_S9D5NJbHoemjxo1Pgaw,,,,
105,https://twitter.com/_dumblibtards/status/1590033597461065728?s=20&t=Hr_S9D5NJbHoemjxo1Pgaw,,,,
106,https://twitter.com/AlexSofamous/status/1590033652456755200?s=20&t=Hr_S9D5NJbHoemjxo1Pgaw,,,,
107,https://twitter.com/D67047579/status/1590034345783595013?s=20&t=zvkX7igq0i-dHGqYwcFgdw,,,,
108,https://twitter.com/IAmWilling2DoIt/status/1590034683101732865?s=20&t=zvkX7igq0i-dHGqYwcFgdw,,,,
109,https://twitter.com/funadian/status/1590034706556276736?s=20&t=zvkX7igq0i-dHGqYwcFgdw,,,,
110,https://twitter.com/ayhmeh/status/1590034875620659201?s=20&t=zvkX7igq0i-dHGqYwcFgdw,,,,
111,https://twitter.com/BrianSLuzier/status/1590035083200811011?s=20&t=zvkX7igq0i-dHGqYwcFgdw,,,,
112,https://twitter.com/FidenMr/status/1590035311391825920?s=20&t=zvkX7igq0i-dHGqYwcFgdw,,,,
113,https://twitter.com/Janebon34813396/status/1590036148260597760?s=20&t=zvkX7igq0i-dHGqYwcFgdw,,,,
114,https://twitter.com/laderechadiario/status/1590036205466710017?s=20&t=zvkX7igq0i-dHGqYwcFgdw,,,,
115,https://twitter.com/HustusMichael/status/1590036578856206336?s=20&t=zvkX7igq0i-dHGqYwcFgdw,,,,
116,https://twitter.com/realerichayes/status/1590036724230811649,,,,
117,https://twitter.com/realerichayes/status/1590036724230811649,,,,
118,https://twitter.com/DeplorablesReal/status/1590037493327360000?s=20&t=zvkX7igq0i-dHGqYwcFgdw,,,,
119,https://twitter.com/Gusti_Mauri/status/1590038034824986625?s=20&t=zvkX7igq0i-dHGqYwcFgdw,,,,
120,https://twitter.com/SEODESIGNTECH/status/1590038437620781056?s=20&t=zvkX7igq0i-dHGqYwcFgdw,,,,
121,https://twitter.com/Sheckyi/status/1590038939079147523?s=20&t=zvkX7igq0i-dHGqYwcFgdw,,,,
122,https://twitter.com/Marbella24com/status/1590039297801216000?s=20&t=zvkX7igq0i-dHGqYwcFgdw,,,,
123,https://twitter.com/TenderTaser/status/1590039511693950976?s=20&t=zvkX7igq0i-dHGqYwcFgdw,,,,
126,https://twitter.com/TruTHGiRL__/status/1590039954121691136?s=20&t=zvkX7igq0i-dHGqYwcFgdw,,,,
127,https://twitter.com/douglas_dalziel/status/1590040292950003713?s=20&t=RbKebVTQf__yZuvHGLPQ3A,,,,
128,https://twitter.com/Rafelito1956/status/1590040731787620355?s=20&t=zvkX7igq0i-dHGqYwcFgdw,,,,
129,https://twitter.com/bigDkenna1/status/1590040938868531202?s=20&t=zvkX7igq0i-dHGqYwcFgdw,,,,
130,https://twitter.com/bigDkenna1/status/1590040938868531202?s=20&t=RbKebVTQf__yZuvHGLPQ3A,,,,
131,https://twitter.com/IReveiller/status/1590041012894040064?s=20&t=zvkX7igq0i-dHGqYwcFgdw,,,,
132,https://twitter.com/Malbel17/status/1590041198676295682?s=20&t=zvkX7igq0i-dHGqYwcFgdw,,,,
133,https://twitter.com/OrlvndoA/status/1590041352070647808?s=20&t=zvkX7igq0i-dHGqYwcFgdw,,,,
134,https://twitter.com/Justice_forum/status/1590041390020702208?s=20&t=zvkX7igq0i-dHGqYwcFgdw,,,,
135,https://twitter.com/NguyenK68421403/status/1590041667327098882?s=20&t=zvkX7igq0i-dHGqYwcFgdw,,,,
136,https://twitter.com/1607Danie/status/1590041982910746625?s=20&t=zvkX7igq0i-dHGqYwcFgdw,,,,
137,https://twitter.com/_GoodyOne_/status/1590042131930177536?s=20&t=GkN67iYXyz_zwB0rOpBgHQ,,,,
138,https://twitter.com/TheFocusNewsOrg/status/1590042448578764802?s=20&t=GkN67iYXyz_zwB0rOpBgHQ,,,,
139,https://twitter.com/CitizenFreePres/status/1590042622860460033?s=20&t=zvkX7igq0i-dHGqYwcFgdw,,,,
140,https://twitter.com/CitizenFreePres/status/1590042622860460033?s=20&t=zvkX7igq0i-dHGqYwcFgdw,,,,
141,https://twitter.com/rhgfdrth/status/1590042828499189761?s=20&t=zvkX7igq0i-dHGqYwcFgdw,,,,
142,https://twitter.com/rhgfdrth/status/1590042828499189761?s=20&t=VfSTkgiDtNRGAlLEfJAKfQ,,,,
143,https://twitter.com/IrishAmerican27/status/1590043033529384961?s=20&t=zvkX7igq0i-dHGqYwcFgdw,,,,
144,https://twitter.com/jonjust6/status/1590043300203200512?s=20&t=zvkX7igq0i-dHGqYwcFgdw,,,,
145,https://twitter.com/TwitSpain/status/1590043301926866946?s=20&t=HBpbXdp37KJaYDN-GUrQvQ,,,,
146,https://twitter.com/R_Braumberger/status/1590043490079367168?s=20&t=HBpbXdp37KJaYDN-GUrQvQ,,,,
147,https://twitter.com/arishmaryshow/status/1590043499667546113?s=20&t=HBpbXdp37KJaYDN-GUrQvQ,,,,
148,https://twitter.com/Andreas20778147/status/1590043927511322624?s=20&t=HBpbXdp37KJaYDN-GUrQvQ,,,,
149,https://twitter.com/AMErikaNGIRLLL/status/1590044005769019395?s=20&t=HBpbXdp37KJaYDN-GUrQvQ,,,,
150,https://twitter.com/ThomLillyLayne/status/1590045284440035328?s=20&t=HBpbXdp37KJaYDN-GUrQvQ,,,,
151,https://twitter.com/ThomLillyLayne/status/1590045284440035328?s=20&t=HBpbXdp37KJaYDN-GUrQvQ,,,,
152,https://twitter.com/mioficialcuenta/status/1590045368267735040?s=20&t=HBpbXdp37KJaYDN-GUrQvQ,,,,
153,https://twitter.com/mioficialcuenta/status/1590045468217593856?s=20&t=HBpbXdp37KJaYDN-GUrQvQ,,,,
154,https://twitter.com/Informa3Chile/status/1590045534492192769?s=20&t=HBpbXdp37KJaYDN-GUrQvQ,,,,
155,https://twitter.com/aMePrGQX3dSE6TX/status/1590045962369572864?s=20&t=HBpbXdp37KJaYDN-GUrQvQ,,,,
156,https://twitter.com/officer_Lew/status/1590046388007895040?s=20&t=HBpbXdp37KJaYDN-GUrQvQ,,,,
157,https://twitter.com/LaDonnaK3/status/1590046709786501121?s=20&t=HBpbXdp37KJaYDN-GUrQvQ,,,,
158,https://twitter.com/eclipsethis2003/status/1590047861420732417?s=20&t=HBpbXdp37KJaYDN-GUrQvQ,,,,
159,https://twitter.com/george_orwell3/status/1590048005448957953?s=20&t=HBpbXdp37KJaYDN-GUrQvQ,,,,
160,https://twitter.com/LockharTVMedia/status/1590048133614272514?s=20&t=HBpbXdp37KJaYDN-GUrQvQ,,,,
161,https://twitter.com/i4interactive/status/1590048669260300288?s=20&t=HBpbXdp37KJaYDN-GUrQvQ,,,,
162,https://twitter.com/PhilmoreRobert/status/1590048863884541953,,,,
163,https://twitter.com/EddieOakes4/status/1590049235776438272?s=20&t=HBpbXdp37KJaYDN-GUrQvQ,,,,
164,https://twitter.com/NicoleB90060307/status/1590049377590325248?s=20&t=HBpbXdp37KJaYDN-GUrQvQ,,,,
165,https://twitter.com/Fantom01010/status/1590050832992854016?s=20&t=HBpbXdp37KJaYDN-GUrQvQ,,,,
166,https://twitter.com/Fantom01010/status/1590050832992854016?s=20&t=VfSTkgiDtNRGAlLEfJAKfQ,,,,
167,https://twitter.com/dcexaminer/status/1590051366990667776?s=20&t=HBpbXdp37KJaYDN-GUrQvQ,,,,
168,https://twitter.com/HumanDilemma_/status/1590051390864338945?s=20&t=HBpbXdp37KJaYDN-GUrQvQ,,,,
169,https://twitter.com/HumanDilemma_/status/1590051390864338945?s=20&t=VfSTkgiDtNRGAlLEfJAKfQ,,,,
170,https://twitter.com/HaddonLockyer/status/1590051873855184897?s=20&t=HBpbXdp37KJaYDN-GUrQvQ,,,,
171,https://twitter.com/Rivershits_/status/1590051944378556416?s=20&t=HBpbXdp37KJaYDN-GUrQvQ,,,,
172,https://twitter.com/LaurentDuMcse/status/1590052141745377282?s=20&t=HBpbXdp37KJaYDN-GUrQvQ,,,,
173,https://twitter.com/NewsBecker/status/1590052164906364928?s=20&t=HBpbXdp37KJaYDN-GUrQvQ,,,,
174,https://twitter.com/mbarkimigre/status/1590053227902382081?s=20&t=HBpbXdp37KJaYDN-GUrQvQ,,,,
175,https://twitter.com/AmericanoMedia/status/1590053999113224192?s=20&t=HBpbXdp37KJaYDN-GUrQvQ,,,,
176,https://twitter.com/JBmode27/status/1590054018000121856?s=20&t=HBpbXdp37KJaYDN-GUrQvQ,,,,
177,https://twitter.com/BluecollarBran/status/1590054421383491584?s=20&t=HBpbXdp37KJaYDN-GUrQvQ,,,,
178,https://twitter.com/wellerjutta3/status/1590054605219848193?s=20&t=HBpbXdp37KJaYDN-GUrQvQ,,,,
179,https://twitter.com/KSharrit/status/1590054832584400896?s=20&t=HBpbXdp37KJaYDN-GUrQvQ,,,,
180,https://twitter.com/Ex_Supra_9/status/1590054991381024769?s=20&t=HBpbXdp37KJaYDN-GUrQvQ,,,,
181,https://twitter.com/KSharrit/status/1590054832584400896?s=20&t=VfSTkgiDtNRGAlLEfJAKfQ,,,,
182,https://twitter.com/Ex_Supra_9/status/1590054991381024769?s=20&t=VfSTkgiDtNRGAlLEfJAKfQ,,,,
183,https://twitter.com/thesnip24382774/status/1590055088571441152?s=20&t=HBpbXdp37KJaYDN-GUrQvQ,,,,
184,https://twitter.com/AmericanoMedia/status/1590055232310218753?s=20&t=HBpbXdp37KJaYDN-GUrQvQ,,,,
185,https://twitter.com/AmericanoMedia/status/1590055232310218753?s=20&t=HBpbXdp37KJaYDN-GUrQvQ,,,,
186,https://twitter.com/JamesAndrewGra1/status/1590057282762854400?s=20&t=HBpbXdp37KJaYDN-GUrQvQ,,,,
187,https://twitter.com/JeffFilali/status/1590057606659207168?s=20&t=HBpbXdp37KJaYDN-GUrQvQ,,,,
188,https://twitter.com/korrupterscholz/status/1590059263086723072?s=20&t=HBpbXdp37KJaYDN-GUrQvQ,,,,
189,https://twitter.com/angyl3513/status/1590059376517472257?s=20&t=HBpbXdp37KJaYDN-GUrQvQ,,,,
190,https://twitter.com/JustynaMaria84/status/1590059987224518656?s=20&t=HBpbXdp37KJaYDN-GUrQvQ,,,,
191,https://twitter.com/patriot_singles/status/1590060231140134913?s=20&t=HBpbXdp37KJaYDN-GUrQvQ,,,,
192,https://twitter.com/ColdWarPatriot/status/1590060951532843010?s=20&t=HBpbXdp37KJaYDN-GUrQvQ,,,,
193,https://twitter.com/Elna10476048/status/1590061713394528256?s=20&t=HBpbXdp37KJaYDN-GUrQvQ,,,,
194,https://twitter.com/davide3666/status/1590062059689250816?s=20&t=HBpbXdp37KJaYDN-GUrQvQ,,,,
196,https://twitter.com/charliekirk11/status/1590062542889844737,,,,
197,https://twitter.com/charliekirk11/status/1590062542889844737?s=20&t=HBpbXdp37KJaYDN-GUrQvQ,,,,
198,https://twitter.com/CoccaNick/status/1590062544433336321?s=20&t=HBpbXdp37KJaYDN-GUrQvQ,,,,
199,https://twitter.com/ricwe123/status/1590062566461427712?s=20&t=HBpbXdp37KJaYDN-GUrQvQ,,,,
200,https://twitter.com/ricwe123/status/1590062566461427712?s=20&t=HBpbXdp37KJaYDN-GUrQvQ,,,,
201,https://twitter.com/j_dog1st/status/1590063745849774080?s=20&t=HBpbXdp37KJaYDN-GUrQvQ,,,,
202,https://twitter.com/ColdWarPatriot/status/1590063793127948294?s=20&t=HBpbXdp37KJaYDN-GUrQvQ,,,,
203,https://twitter.com/GirlKarlie/status/1590064200625307650?s=20&t=HBpbXdp37KJaYDN-GUrQvQ,,,,
204,https://twitter.com/Cooter888/status/1590065301919784960?s=20&t=HBpbXdp37KJaYDN-GUrQvQ,,,,
205,https://twitter.com/untold_23/status/1590065395054305280?s=20&t=HBpbXdp37KJaYDN-GUrQvQ,,,,
206,https://twitter.com/LBasemi/status/1590065584817201152?s=20&t=HBpbXdp37KJaYDN-GUrQvQ,,,,
207,https://twitter.com/Fredyandradea/status/1590065984899280901?s=20&t=HBpbXdp37KJaYDN-GUrQvQ,,,,
208,https://twitter.com/Fredyandradea/status/1590065984899280901?s=20&t=HBpbXdp37KJaYDN-GUrQvQ,,,,
209,https://twitter.com/Noticia_Libre/status/1590066190809894914?s=20&t=HBpbXdp37KJaYDN-GUrQvQ,,,,
210,https://twitter.com/DMHPatriot/status/1590066389150486528?s=20&t=HBpbXdp37KJaYDN-GUrQvQ,,,,
211,https://twitter.com/KatPack10/status/1590066718675996672?s=20&t=HBpbXdp37KJaYDN-GUrQvQ,,,,
212,https://twitter.com/KatPack10/status/1590066987652128768?s=20&t=GkN67iYXyz_zwB0rOpBgHQ,,,,
213,https://twitter.com/THEFLOWER008/status/1590067394256703488?s=20&t=HBpbXdp37KJaYDN-GUrQvQ,,,,
214,https://twitter.com/raymartinmusic/status/1590067662394372098?s=20&t=HBpbXdp37KJaYDN-GUrQvQ,,,,
215,https://twitter.com/Marckovvvvv2/status/1590067761237360642?s=20&t=HBpbXdp37KJaYDN-GUrQvQ,,,,
216,https://twitter.com/ChrisPatriot83/status/1590067844041314304?s=20&t=HBpbXdp37KJaYDN-GUrQvQ,,,,
217,https://twitter.com/2_bloempje/status/1590067990284103680?s=20&t=HBpbXdp37KJaYDN-GUrQvQ,,,,
218,https://twitter.com/SinedWarrior/status/1590068446880215041?s=20&t=HBpbXdp37KJaYDN-GUrQvQ,,,,
219,https://twitter.com/Bubblebathgirl/status/1590068509123391488?s=20&t=HBpbXdp37KJaYDN-GUrQvQ,,,,
220,https://twitter.com/Bubblebathgirl/status/1590068509123391488?s=20&t=HBpbXdp37KJaYDN-GUrQvQ,,,,
221,https://twitter.com/EricArchambaul7/status/1590068864422854656?s=20&t=HBpbXdp37KJaYDN-GUrQvQ,,,,
223,https://twitter.com/NewsJunkieBreak/status/1590070296350187520?s=20&t=HBpbXdp37KJaYDN-GUrQvQ,,,,
224,https://twitter.com/Roelofs59599521/status/1590070518396645378?s=20&t=HBpbXdp37KJaYDN-GUrQvQ,,,,
225,https://twitter.com/UrantianL/status/1590071791191744512?s=20&t=HBpbXdp37KJaYDN-GUrQvQ,,,,
226,https://twitter.com/kelliwillmore/status/1590072043390713856?s=20&t=HBpbXdp37KJaYDN-GUrQvQ,,,,
227,https://twitter.com/Elna10476048/status/1590072286362865664?s=20&t=HBpbXdp37KJaYDN-GUrQvQ,,,,
228,https://twitter.com/ingridschaaf2/status/1590072522770644992?s=20&t=HBpbXdp37KJaYDN-GUrQvQ,,,,
229,https://twitter.com/CricktsFromLeft/status/1590072636989898753?s=20&t=HBpbXdp37KJaYDN-GUrQvQ,,,,
230,https://twitter.com/nowthisnews/status/1590072414049775616?s=20&t=GkN67iYXyz_zwB0rOpBgHQ,,,,
231,https://twitter.com/patriot_singles/status/1590072866833592321?s=20&t=GkN67iYXyz_zwB0rOpBgHQ,,,,
232,https://twitter.com/NAVIQ111811/status/1590254852114116608?s=20&t=7EDZp0kBRT1Jwv1BRINKGw,,,,
233,https://twitter.com/bennyjohnson/status/1590074052504604673?s=20&t=HBpbXdp37KJaYDN-GUrQvQ,,,,
234,https://twitter.com/1streputation/status/1590074662959972353?s=20&t=HBpbXdp37KJaYDN-GUrQvQ,,,,
235,https://twitter.com/upstatequeenc/status/1590074935833026560?s=20&t=HBpbXdp37KJaYDN-GUrQvQ,,,,
236,https://twitter.com/RedWaveClips/status/1590075104028868609?s=20&t=HBpbXdp37KJaYDN-GUrQvQ,,,,
237,https://twitter.com/c/status/1590075602832617473?s=20&t=HBpbXdp37KJaYDN-GUrQvQ,,,,
238,https://twitter.com/TennantRob/status/1590075831694823425?s=20&t=HBpbXdp37KJaYDN-GUrQvQ,,,,
239,https://twitter.com/Real_RobN/status/1590075933486026752?s=20&t=HBpbXdp37KJaYDN-GUrQvQ,,,,
240,https://twitter.com/West93903335/status/1590077904079441920?s=20&t=HBpbXdp37KJaYDN-GUrQvQ,,,,
241,https://twitter.com/Coronaleugner1/status/1590077974392766464?s=20&t=HBpbXdp37KJaYDN-GUrQvQ,,,,
242,https://twitter.com/jdemontaigu/status/1590079530017832960?s=20&t=HBpbXdp37KJaYDN-GUrQvQ,,,,
243,https://twitter.com/Cop4x4tv/status/1590079593339580418?s=20&t=HBpbXdp37KJaYDN-GUrQvQ,,,,
244,https://twitter.com/j_dog1st/status/1590079682740748288?s=20&t=HBpbXdp37KJaYDN-GUrQvQ,,,,
245,https://twitter.com/Locopopulist/status/1590094868231094275,,,,
246,https://twitter.com/CalamyJane/status/1590080033653415936?s=20&t=HBpbXdp37KJaYDN-GUrQvQ,,,,
247,https://twitter.com/missksa/status/1590080446469005312?s=20&t=HBpbXdp37KJaYDN-GUrQvQ,,,,
248,https://twitter.com/Ground_app/status/1590080765651734530?s=20&t=GkN67iYXyz_zwB0rOpBgHQ,,,,
249,https://twitter.com/julestruther/status/1590081039795646464?s=20&t=HBpbXdp37KJaYDN-GUrQvQ,,,,
250,https://twitter.com/Stefania_67/status/1590081922340118530?s=20&t=HBpbXdp37KJaYDN-GUrQvQ,,,,
251,https://twitter.com/CaterinDi/status/1590082083179089920?s=20&t=HBpbXdp37KJaYDN-GUrQvQ,,,,
252,https://twitter.com/ajitza/status/1590082532430663680?s=20&t=HBpbXdp37KJaYDN-GUrQvQ,,,,
253,https://twitter.com/VolumePrintcess/status/1590083046425784320?s=20&t=CtFwCG-75eMgZUoD08x4PQ,,,,
254,https://twitter.com/SoTruth1/status/1590083275141177344?s=20&t=CtFwCG-75eMgZUoD08x4PQ,,,,
255,https://twitter.com/Yaser98472961/status/1590083630235164672?s=20&t=CtFwCG-75eMgZUoD08x4PQ,,,,
256,https://twitter.com/Yaser98472961/status/1590083630235164672?s=20&t=CtFwCG-75eMgZUoD08x4PQ,,,,
257,https://twitter.com/eclipsethis2003/status/1590084269862694912?s=20&t=CtFwCG-75eMgZUoD08x4PQ,,,,
258,https://twitter.com/AnaPaulaVolei/status/1590085238264573952?s=20&t=CtFwCG-75eMgZUoD08x4PQ,,,,
259,https://twitter.com/TGRTimes/status/1590085930383454208?s=20&t=CtFwCG-75eMgZUoD08x4PQ,,,,
260,https://twitter.com/ChristineBurgum/status/1590086146067148803?s=20&t=CtFwCG-75eMgZUoD08x4PQ,,,,
261,https://twitter.com/EdwinChuckles/status/1590086500183867392?s=20&t=CtFwCG-75eMgZUoD08x4PQ,,,,
262,https://twitter.com/Royston1983/status/1590086948470734848?s=20&t=CtFwCG-75eMgZUoD08x4PQ,,,,
263,https://twitter.com/JennySueQ1776/status/1590088487210217472?s=20&t=VfSTkgiDtNRGAlLEfJAKfQ,,,,
264,https://twitter.com/Patrick85718185/status/1590088650297151490?s=20&t=VfSTkgiDtNRGAlLEfJAKfQ,,,,
265,https://twitter.com/dailycallout/status/1590088708883369984?s=20&t=VfSTkgiDtNRGAlLEfJAKfQ,,,,
266,https://twitter.com/dailycallout/status/1590088708883369984?s=20&t=VfSTkgiDtNRGAlLEfJAKfQ,,,,
267,https://twitter.com/Impenitent2A/status/1590089703835209729?s=20&t=VfSTkgiDtNRGAlLEfJAKfQ,,,,
268,https://twitter.com/milesy1961/status/1590090086859051008?s=20&t=VfSTkgiDtNRGAlLEfJAKfQ,,,,
269,https://twitter.com/erod110/status/1590090498454482944?s=20&t=VfSTkgiDtNRGAlLEfJAKfQ,,,,
270,https://twitter.com/ZobPresident/status/1590090538170331137?s=20&t=VfSTkgiDtNRGAlLEfJAKfQ,,,,
271,https://twitter.com/GeraldAvery17/status/1590090668638093312?s=20&t=VfSTkgiDtNRGAlLEfJAKfQ,,,,
272,https://twitter.com/JennySueQ1776/status/1590091472006574081?s=20&t=VfSTkgiDtNRGAlLEfJAKfQ,,,,
273,https://twitter.com/JosFlores_04/status/1590091497755447296?s=20&t=VfSTkgiDtNRGAlLEfJAKfQ,,,,
274,https://twitter.com/ManonIC6R/status/1590091665590865920?s=20&t=VfSTkgiDtNRGAlLEfJAKfQ,,,,
275,https://twitter.com/Arwenstar/status/1590091743143530496?s=20&t=VfSTkgiDtNRGAlLEfJAKfQ,,,,
276,https://twitter.com/Javiergg9885/status/1590091891726774272?s=20&t=VfSTkgiDtNRGAlLEfJAKfQ,,,,
277,https://twitter.com/_samedi_/status/1590092236569862144?s=20&t=VfSTkgiDtNRGAlLEfJAKfQ,,,,
278,https://twitter.com/BlackMarzMedia/status/1590093915138707456?s=20&t=VfSTkgiDtNRGAlLEfJAKfQ,,,,
279,https://twitter.com/george_orwell3/status/1590095033411457024?s=20&t=VfSTkgiDtNRGAlLEfJAKfQ,,,,
280,https://twitter.com/PriaN77530659/status/1590095755288666115?s=20&t=VfSTkgiDtNRGAlLEfJAKfQ,,,,
281,https://twitter.com/Jdubz25258431/status/1590096209594966018?s=20&t=VfSTkgiDtNRGAlLEfJAKfQ,,,,
282,https://twitter.com/Sarah77929529/status/1590096586390265857?s=20&t=VfSTkgiDtNRGAlLEfJAKfQ,,,,
283,https://twitter.com/Octavio36916444/status/1590098773409435649?s=20&t=VfSTkgiDtNRGAlLEfJAKfQ,,,,
284,https://twitter.com/oc4iron/status/1590099488139403264?s=20&t=VfSTkgiDtNRGAlLEfJAKfQ,,,,
285,https://twitter.com/ALEXANDRAKOVITT/status/1590099859125587969?s=20&t=VfSTkgiDtNRGAlLEfJAKfQ,,,,
286,https://twitter.com/RichardGrenell/status/1590100487369809920?s=20&t=VfSTkgiDtNRGAlLEfJAKfQ,,,,
288,https://twitter.com/GeraldAvery17/status/1590101175868698625?s=20&t=VfSTkgiDtNRGAlLEfJAKfQ,,,,
289,https://twitter.com/charliekirk11/status/1590101400893083649,,,,
290,https://twitter.com/A_Candle_Lit/status/1590101623183126529?s=20&t=VfSTkgiDtNRGAlLEfJAKfQ,,,,
291,https://twitter.com/CitizenFreePres/status/1590101702874890240?s=20&t=VfSTkgiDtNRGAlLEfJAKfQ,,,,
292,https://twitter.com/mrtdogg_/status/1590102857524875264?s=20&t=VfSTkgiDtNRGAlLEfJAKfQ,,,,
293,https://twitter.com/OshaSenator/status/1590103065679769601?s=20&t=VfSTkgiDtNRGAlLEfJAKfQ,,,,
294,https://twitter.com/fromkalen/status/1590103221313622016?s=20&t=VfSTkgiDtNRGAlLEfJAKfQ,,,,
295,https://twitter.com/charliekirk11/status/1590103506576609280?s=20&t=VfSTkgiDtNRGAlLEfJAKfQ,,,,
296,https://twitter.com/annan_85/status/1590103944847855617?s=20&t=VfSTkgiDtNRGAlLEfJAKfQ,,,,
297,https://twitter.com/ElAmerican_/status/1590104321710252033?s=20&t=VfSTkgiDtNRGAlLEfJAKfQ,,,,
298,https://twitter.com/RedWaveClips/status/1590104804508172288?s=20&t=VfSTkgiDtNRGAlLEfJAKfQ,,,,
299,https://twitter.com/TheCristianPM/status/1590104972989181953?s=20&t=VfSTkgiDtNRGAlLEfJAKfQ,,,,
300,https://twitter.com/IndySpanglish/status/1590104975061168128?s=20&t=VfSTkgiDtNRGAlLEfJAKfQ,,,,
301,https://twitter.com/KeepTXFreeNdGr8/status/1590105016811286528?s=20&t=VfSTkgiDtNRGAlLEfJAKfQ,,,,
302,https://twitter.com/cameronschoett/status/1590105025233440769?s=20&t=VfSTkgiDtNRGAlLEfJAKfQ,,,,
303,https://twitter.com/LittleMsClarity/status/1590105047836151808?s=20&t=VfSTkgiDtNRGAlLEfJAKfQ,,,,
304,https://twitter.com/PDeveladas/status/1590105104216358912?s=20&t=VfSTkgiDtNRGAlLEfJAKfQ,,,,
305,https://twitter.com/Metaversor/status/1590105105474682880?s=20&t=VfSTkgiDtNRGAlLEfJAKfQ,,,,
306,https://twitter.com/Natasha38585763/status/1590105122511933440?s=20&t=VfSTkgiDtNRGAlLEfJAKfQ,,,,
307,https://twitter.com/FreeWomanLeahy/status/1590105132829933568?s=20&t=VfSTkgiDtNRGAlLEfJAKfQ,,,,
308,https://twitter.com/fromkalen/status/1590105602751336448?s=20&t=VfSTkgiDtNRGAlLEfJAKfQ,,,,
309,https://twitter.com/Malbel17/status/1590105630551212032?s=20&t=VfSTkgiDtNRGAlLEfJAKfQ,,,,
310,https://twitter.com/AmericanoMedia/status/1590105794972119040?s=20&t=VfSTkgiDtNRGAlLEfJAKfQ,,,,
311,https://twitter.com/OrlvndoA/status/1590106105786814464?s=20&t=VfSTkgiDtNRGAlLEfJAKfQ,,,,
312,https://twitter.com/vale_iii/status/1590106231620136967?s=20&t=GkN67iYXyz_zwB0rOpBgHQ,,,,
313,https://twitter.com/royalinterpack/status/1590106833716273152?s=20&t=VfSTkgiDtNRGAlLEfJAKfQ,,,,
314,https://twitter.com/NatThePatriot/status/1590106749964816386?s=20&t=VfSTkgiDtNRGAlLEfJAKfQ,,,,
315,https://twitter.com/Jesus_AT/status/1590106832613228544?s=20&t=VfSTkgiDtNRGAlLEfJAKfQ,,,,
316,https://twitter.com/MarcBrennan20/status/1590106866079895554?s=20&t=VfSTkgiDtNRGAlLEfJAKfQ,,,,
317,https://twitter.com/CitizenMoh/status/1590106932744192000?s=20&t=VfSTkgiDtNRGAlLEfJAKfQ,,,,
318,https://twitter.com/GinaWel70883124/status/1590107133160267777?s=20&t=VfSTkgiDtNRGAlLEfJAKfQ,,,,
319,https://twitter.com/DWbr0wn/status/1590107295744417792?s=20&t=VfSTkgiDtNRGAlLEfJAKfQ,,,,
320,https://twitter.com/maelmale/status/1590107356540850176?s=20&t=VfSTkgiDtNRGAlLEfJAKfQ,,,,
321,https://twitter.com/fromkalen/status/1590107463256518657?s=20&t=VfSTkgiDtNRGAlLEfJAKfQ,,,,
322,https://twitter.com/truck2047/status/1590107477537718272?s=20&t=VfSTkgiDtNRGAlLEfJAKfQ,,,,
323,https://twitter.com/BillyJWilliam12/status/1590107925837942784?s=20&t=VfSTkgiDtNRGAlLEfJAKfQ,,,,
324,https://twitter.com/truck2047/status/1590108184215056387?s=20&t=VfSTkgiDtNRGAlLEfJAKfQ,,,,
325,https://twitter.com/BPartisans/status/1590108424876232704?s=20&t=VfSTkgiDtNRGAlLEfJAKfQ,,,,
326,https://twitter.com/Psycho111177/status/1590108586956378113?s=20&t=VfSTkgiDtNRGAlLEfJAKfQ,,,,
327,https://twitter.com/A_Prim_Rose/status/1590108420065353728?s=20&t=VfSTkgiDtNRGAlLEfJAKfQ,,,,
328,https://twitter.com/Tadeuszkowalew8/status/1590108421860184064?s=20&t=VfSTkgiDtNRGAlLEfJAKfQ,,,,
329,https://twitter.com/bennyjohnson/status/1590108878695694337?s=20&t=VfSTkgiDtNRGAlLEfJAKfQ,,,,
330,https://twitter.com/lanavecomunica3/status/1590108766007328768?s=20&t=VfSTkgiDtNRGAlLEfJAKfQ,,,,
331,https://twitter.com/Fredyandradea/status/1590108797850161152?s=20&t=VfSTkgiDtNRGAlLEfJAKfQ,,,,
332,https://twitter.com/patriot_singles/status/1590108900564422657?s=20&t=VfSTkgiDtNRGAlLEfJAKfQ,,,,
333,https://twitter.com/realJJDawson/status/1590109011030212608?s=20&t=VfSTkgiDtNRGAlLEfJAKfQ,,,,
334,https://twitter.com/green2_kathy/status/1590108967975669762?s=20&t=VfSTkgiDtNRGAlLEfJAKfQ,,,,
335,https://twitter.com/PEDROLUISCARM11/status/1590109126801076224?s=20&t=VfSTkgiDtNRGAlLEfJAKfQ,,,,
336,https://twitter.com/BPartisans/status/1590109142634504192?s=20&t=VfSTkgiDtNRGAlLEfJAKfQ,,,,
337,https://twitter.com/realJJDawson/status/1590109386835660801?s=20&t=VfSTkgiDtNRGAlLEfJAKfQ,,,,
339,https://twitter.com/jj_talking/status/1590109578813140992?s=20&t=VfSTkgiDtNRGAlLEfJAKfQ,,,,
340,https://twitter.com/lawofone_/status/1590109819511635970?s=20&t=VfSTkgiDtNRGAlLEfJAKfQ,,,,
341,https://twitter.com/JaimeHorta17/status/1590109974071738369?s=20&t=VfSTkgiDtNRGAlLEfJAKfQ,,,,
342,https://twitter.com/ajitza/status/1590110132612255744?s=20&t=VfSTkgiDtNRGAlLEfJAKfQ,,,,
343,https://twitter.com/Jessie2021626/status/1590110384488583168?s=20&t=VfSTkgiDtNRGAlLEfJAKfQ,,,,
344,https://twitter.com/TrumpWarRoom/status/1590110452977405952?s=20&t=VfSTkgiDtNRGAlLEfJAKfQ,,,,
345,https://twitter.com/Pma63P/status/1590110516508524544?s=20&t=VfSTkgiDtNRGAlLEfJAKfQ,,,,
346,https://twitter.com/psbaloans4u/status/1590110537836527616?s=20&t=VfSTkgiDtNRGAlLEfJAKfQ,,,,
347,https://twitter.com/cappuccino64/status/1590110644015333376?s=20&t=VfSTkgiDtNRGAlLEfJAKfQ,,,,
348,https://twitter.com/fromkalen/status/1590110669894193152?s=20&t=VfSTkgiDtNRGAlLEfJAKfQ,,,,
349,https://twitter.com/FamilyGuy3124/status/1590110757076754432?s=20&t=VfSTkgiDtNRGAlLEfJAKfQ,,,,
350,https://twitter.com/Grundy5979/status/1590110853759918080?s=20&t=VfSTkgiDtNRGAlLEfJAKfQ,,,,
351,https://twitter.com/USA2224/status/1590111093959323648?s=20&t=VfSTkgiDtNRGAlLEfJAKfQ,,,,
352,https://twitter.com/m3r0g0s/status/1590111200343257088?s=20&t=VfSTkgiDtNRGAlLEfJAKfQ,,,,
353,https://twitter.com/orotintelnews/status/1590111235059511296?s=20&t=7EDZp0kBRT1Jwv1BRINKGw,,,,
354,https://twitter.com/GaldiNicola/status/1590111769040949248?s=20&t=7EDZp0kBRT1Jwv1BRINKGw,,,,
355,https://twitter.com/UThorsome/status/1590111843733098496?s=20&t=7EDZp0kBRT1Jwv1BRINKGw,,,,
356,https://twitter.com/BenjaminGoggin/status/1590111871855910912?s=20&t=7EDZp0kBRT1Jwv1BRINKGw,,,,
357,https://twitter.com/KBRose67/status/1590112588284952577?s=20&t=7EDZp0kBRT1Jwv1BRINKGw,,,,
358,https://twitter.com/badd_blondie/status/1590112671827128322?s=20&t=7EDZp0kBRT1Jwv1BRINKGw,,,,
359,https://twitter.com/dlee211/status/1590112752651341824?s=20&t=7EDZp0kBRT1Jwv1BRINKGw,,,,
360,https://twitter.com/bigDkenna1/status/1590112775002787840?s=20&t=7EDZp0kBRT1Jwv1BRINKGw,,,,
361,https://twitter.com/JosFlores_04/status/1590112862407491584?s=20&t=7EDZp0kBRT1Jwv1BRINKGw,,,,
362,https://twitter.com/Stefano171618/status/1590113663314464768?s=20&t=7EDZp0kBRT1Jwv1BRINKGw,,,,
363,https://twitter.com/OkDerechaNews/status/1590113693265981440?s=20&t=7EDZp0kBRT1Jwv1BRINKGw,,,,
364,https://twitter.com/Shorty_88a/status/1590113750832795649?s=20&t=7EDZp0kBRT1Jwv1BRINKGw,,,,
365,https://twitter.com/EnriquePortaSa1/status/1590114105595420674?s=20&t=7EDZp0kBRT1Jwv1BRINKGw,,,,
366,https://twitter.com/dcexaminer/status/1590114241641861121?s=20&t=7EDZp0kBRT1Jwv1BRINKGw,,,,
367,https://twitter.com/c_dodd_/status/1590114251771109376?s=20&t=7EDZp0kBRT1Jwv1BRINKGw,,,,
368,https://twitter.com/PatriotFox_Q17/status/1590114405588799488?s=20&t=7EDZp0kBRT1Jwv1BRINKGw,,,,
370,https://twitter.com/FucciRader/status/1590114562191241216?s=20&t=7EDZp0kBRT1Jwv1BRINKGw,,,,
371,https://twitter.com/CitizenFreePres/status/1590115175474302976?s=20&t=7EDZp0kBRT1Jwv1BRINKGw,,,,
372,https://twitter.com/DampSasquatch/status/1590115238590185474?s=20&t=7EDZp0kBRT1Jwv1BRINKGw,,,,
373,https://twitter.com/MAGAWARS_AJM/status/1590115720142422016?s=20&t=7EDZp0kBRT1Jwv1BRINKGw,,,,
374,https://twitter.com/PuppiSole/status/1590115759388491777?s=20&t=7EDZp0kBRT1Jwv1BRINKGw,,,,
375,https://twitter.com/Quicktake/status/1590115858558369794?s=20&t=GkN67iYXyz_zwB0rOpBgHQ,,,,
376,https://twitter.com/madz414/status/1590116359236915200?s=20&t=VfSTkgiDtNRGAlLEfJAKfQ,,,,
377,https://twitter.com/KatieDaviscourt/status/1590116717120065537?s=20&t=7EDZp0kBRT1Jwv1BRINKGw,,,,
378,https://twitter.com/SoMuchWinning8/status/1590117037027643392?s=20&t=7EDZp0kBRT1Jwv1BRINKGw,,,,
379,https://twitter.com/jennjime3493/status/1590117044061900801?s=20&t=7EDZp0kBRT1Jwv1BRINKGw,,,,
380,https://twitter.com/majestic1776/status/1590117319862542338?s=20&t=7EDZp0kBRT1Jwv1BRINKGw,,,,
381,https://twitter.com/SherriRose711/status/1590117474254884864?s=20&t=7EDZp0kBRT1Jwv1BRINKGw,,,,
382,https://twitter.com/anthonydike_1/status/1590117642324828161?s=20&t=7EDZp0kBRT1Jwv1BRINKGw,,,,
383,https://twitter.com/cindypoo1965/status/1590117709664194561?s=20&t=7EDZp0kBRT1Jwv1BRINKGw,,,,
384,https://twitter.com/SSG_PAIN2/status/1590117842745454592?s=20&t=7EDZp0kBRT1Jwv1BRINKGw,,,,
385,https://twitter.com/Sanjone49058683/status/1590118420015906816?s=20&t=7EDZp0kBRT1Jwv1BRINKGw,,,,
386,https://twitter.com/majestic1776/status/1590118486138703872?s=20&t=7EDZp0kBRT1Jwv1BRINKGw,,,,
387,https://twitter.com/Fuyezzz/status/1590118929900658688?s=20&t=7EDZp0kBRT1Jwv1BRINKGw,,,,
388,https://twitter.com/Noelle7771/status/1590119116522029057?s=20&t=GkN67iYXyz_zwB0rOpBgHQ,,,,
389,https://twitter.com/Roberto64597831/status/1590119399973085186?s=20&t=7EDZp0kBRT1Jwv1BRINKGw,,,,
390,https://twitter.com/periodistassin2/status/1590119439110139906?s=20&t=7EDZp0kBRT1Jwv1BRINKGw,,,,
391,https://twitter.com/realerichayes/status/1590119523948318721?s=20&t=7EDZp0kBRT1Jwv1BRINKGw,,,,
392,https://twitter.com/thejimjams/status/1590120257418842113?s=20&t=7EDZp0kBRT1Jwv1BRINKGw,,,,
393,https://twitter.com/hamakaze_y/status/1590120334157819905?s=20&t=7EDZp0kBRT1Jwv1BRINKGw,,,,
394,https://twitter.com/RamiroNLeone/status/1590120408338300930?s=20&t=7EDZp0kBRT1Jwv1BRINKGw,,,,
395,https://twitter.com/fromkalen/status/1590120413635710977?s=20&t=7EDZp0kBRT1Jwv1BRINKGw,,,,
396,https://twitter.com/nowthisnews/status/1590120228993703936?s=20&t=GkN67iYXyz_zwB0rOpBgHQ,,,,
397,https://twitter.com/MAGAawe/status/1590120699146174464?s=20&t=7EDZp0kBRT1Jwv1BRINKGw,,,,
398,https://twitter.com/AlertaNews24/status/1590121002809593858?s=20&t=7EDZp0kBRT1Jwv1BRINKGw,,,,
399,https://twitter.com/S_Schwartzmann/status/1590121097126895616?s=20&t=7EDZp0kBRT1Jwv1BRINKGw,,,,
400,https://twitter.com/InformatePy1/status/1590121603622662144?s=20&t=7EDZp0kBRT1Jwv1BRINKGw,,,,
401,https://twitter.com/angelma02418315/status/1590122778505928705?s=20&t=7EDZp0kBRT1Jwv1BRINKGw,,,,
402,https://twitter.com/hachenewsworld/status/1590123081401765890?s=20&t=7EDZp0kBRT1Jwv1BRINKGw,,,,
403,https://twitter.com/juanpadeleo/status/1590123137920036866?s=20&t=7EDZp0kBRT1Jwv1BRINKGw,,,,
404,https://twitter.com/AndyChristiaan/status/1590123880102133760?s=20&t=7EDZp0kBRT1Jwv1BRINKGw,,,,
405,https://twitter.com/LogicaAuto/status/1590123970648760320?s=20&t=7EDZp0kBRT1Jwv1BRINKGw,,,,
406,https://twitter.com/albeauvaischiva/status/1590124808276447232?s=20&t=7EDZp0kBRT1Jwv1BRINKGw,,,,
407,https://twitter.com/lilianaf523/status/1590125302071558145?s=20&t=7EDZp0kBRT1Jwv1BRINKGw,,,,
408,https://twitter.com/Javiergg9885/status/1590125576391909376?s=20&t=7EDZp0kBRT1Jwv1BRINKGw,,,,
409,https://twitter.com/LionQue39480372/status/1590125654502412288?s=20&t=7EDZp0kBRT1Jwv1BRINKGw,,,,
410,https://twitter.com/Informa3Chile/status/1590125669689995264?s=20&t=7EDZp0kBRT1Jwv1BRINKGw,,,,
411,https://twitter.com/CatySegatori/status/1590125830650621956?s=20&t=7EDZp0kBRT1Jwv1BRINKGw,,,,
412,https://twitter.com/waterboy85/status/1590125936380633089?s=20&t=7EDZp0kBRT1Jwv1BRINKGw,,,,
413,https://twitter.com/PhilipWegmann/status/1590125967720476673?s=20&t=7EDZp0kBRT1Jwv1BRINKGw,,,,
414,https://twitter.com/CALI4AZ/status/1590126182095237121?s=20&t=7EDZp0kBRT1Jwv1BRINKGw,,,,
415,https://twitter.com/DanilorRusso/status/1590126395115864064?s=20&t=7EDZp0kBRT1Jwv1BRINKGw,,,,
416,https://twitter.com/eclipsethis2003/status/1590126500736831489?s=20&t=7EDZp0kBRT1Jwv1BRINKGw,,,,
417,https://twitter.com/teamleaderKaren/status/1590126576175566853?s=20&t=7EDZp0kBRT1Jwv1BRINKGw,,,,
418,https://twitter.com/Beerie18/status/1590126583062605826?s=20&t=7EDZp0kBRT1Jwv1BRINKGw,,,,
419,https://twitter.com/twinkle_twyla/status/1590126833076678656?s=20&t=7EDZp0kBRT1Jwv1BRINKGw,,,,
420,https://twitter.com/Blondddeeee/status/1590126845554741248?s=20&t=7EDZp0kBRT1Jwv1BRINKGw,,,,
421,https://twitter.com/RaynaldBernier/status/1590127176212709383?s=20&t=7EDZp0kBRT1Jwv1BRINKGw,,,,
422,https://twitter.com/JohnnyWisebush/status/1590127118117396483?s=20&t=GkN67iYXyz_zwB0rOpBgHQ,,,,
423,https://twitter.com/elsalvador/status/1590127409981845504?s=20&t=7EDZp0kBRT1Jwv1BRINKGw,,,,
424,https://twitter.com/MarM97259965/status/1590127281611370497?s=20&t=7EDZp0kBRT1Jwv1BRINKGw,,,,
425,https://twitter.com/gokhankurt23/status/1590127733128200193?s=20&t=7EDZp0kBRT1Jwv1BRINKGw,,,,
426,https://twitter.com/AlertNews247/status/1590127742317907969?s=20&t=7EDZp0kBRT1Jwv1BRINKGw,,,,
427,https://twitter.com/touwa65/status/1590127744884801536?s=20&t=7EDZp0kBRT1Jwv1BRINKGw,,,,
428,https://twitter.com/majestic1776/status/1590127817580498944?s=20&t=7EDZp0kBRT1Jwv1BRINKGw,,,,
429,https://twitter.com/Freewolf2224/status/1590127855371186176?s=20&t=7EDZp0kBRT1Jwv1BRINKGw,,,,
430,https://twitter.com/youpy77/status/1590128915007561729?s=20&t=7EDZp0kBRT1Jwv1BRINKGw,,,,
431,https://twitter.com/ABC15Patrick/status/1590129328230387712?s=20&t=7EDZp0kBRT1Jwv1BRINKGw,,,,
432,https://twitter.com/colonelcrystal1/status/1590129446765330433?s=20&t=7EDZp0kBRT1Jwv1BRINKGw,,,,
433,https://twitter.com/kleensamsonite/status/1590129767386611712?s=20&t=7EDZp0kBRT1Jwv1BRINKGw,,,,
434,https://twitter.com/terryjarrell9/status/1590129793684545536?s=20&t=7EDZp0kBRT1Jwv1BRINKGw,,,,
435,https://twitter.com/PXPSecurityInve/status/1590129861175250944?s=20&t=7EDZp0kBRT1Jwv1BRINKGw,,,,
436,https://twitter.com/adamnewsi/status/1590129935062290432?s=20&t=7EDZp0kBRT1Jwv1BRINKGw,,,,
437,https://twitter.com/nanaziegler/status/1590130818432655360?s=20&t=7EDZp0kBRT1Jwv1BRINKGw,,,,
438,https://twitter.com/Alexand59517985/status/1590130891955011584?s=20&t=7EDZp0kBRT1Jwv1BRINKGw,,,,
439,https://twitter.com/TrumpMcGregor/status/1590131160075886593?s=20&t=7EDZp0kBRT1Jwv1BRINKGw,,,,
440,https://twitter.com/SoTruth1/status/1590131803758956544?s=20&t=7EDZp0kBRT1Jwv1BRINKGw,,,,
441,https://twitter.com/AlternativaInf/status/1590132172320833537?s=20&t=7EDZp0kBRT1Jwv1BRINKGw,,,,
442,https://twitter.com/Beate_100/status/1590132893442985984?s=20&t=7EDZp0kBRT1Jwv1BRINKGw,,,,
443,https://twitter.com/MigueVaquerano/status/1590133336587894785?s=20&t=7EDZp0kBRT1Jwv1BRINKGw,,,,
444,https://twitter.com/Jeremiasmules/status/1590133465948643328?s=20&t=7EDZp0kBRT1Jwv1BRINKGw,,,,
445,https://twitter.com/JamesNavaCom/status/1590133466569805825?s=20&t=7EDZp0kBRT1Jwv1BRINKGw,,,,
446,https://twitter.com/ultimahsv/status/1590135313653174272?s=20&t=7EDZp0kBRT1Jwv1BRINKGw,,,,
447,https://twitter.com/Giancky26/status/1590135362240000002?s=20&t=7EDZp0kBRT1Jwv1BRINKGw,,,,
448,https://twitter.com/vanhoa2272/status/1590136244675436544?s=20&t=7EDZp0kBRT1Jwv1BRINKGw,,,,
449,https://twitter.com/voixducerbere/status/1590136503660748802?s=20&t=7EDZp0kBRT1Jwv1BRINKGw,,,,
450,https://twitter.com/LastHawk33/status/1590137214687928320?s=20&t=7EDZp0kBRT1Jwv1BRINKGw,,,,
451,https://twitter.com/KateArrigoni/status/1590137438671753216?s=20&t=7EDZp0kBRT1Jwv1BRINKGw,,,,
452,https://twitter.com/CerberWatchdog/status/1590137564463534081?s=20&t=7EDZp0kBRT1Jwv1BRINKGw,,,,
453,https://twitter.com/SabinevomBus/status/1590138293571977216?s=20&t=7EDZp0kBRT1Jwv1BRINKGw,,,,
454,https://twitter.com/vanhoa2272/status/1590138366569631744?s=20&t=7EDZp0kBRT1Jwv1BRINKGw,,,,
455,https://twitter.com/SnarkQueenBee/status/1590138411507412992?s=20&t=7EDZp0kBRT1Jwv1BRINKGw,,,,
456,https://twitter.com/RisingSC_taiwan/status/1590138566625366016?s=20&t=7EDZp0kBRT1Jwv1BRINKGw,,,,
458,https://twitter.com/Discotraxx__604/status/1590138605938376705?s=20&t=7EDZp0kBRT1Jwv1BRINKGw,,,,
459,https://twitter.com/bigDkenna1/status/1590139135582429184?s=20&t=7EDZp0kBRT1Jwv1BRINKGw,,,,
460,https://twitter.com/FBI_van_11/status/1590139336322093057?s=20&t=7EDZp0kBRT1Jwv1BRINKGw,,,,
461,https://twitter.com/CarlosAJimnez4/status/1590139552190312449?s=20&t=7EDZp0kBRT1Jwv1BRINKGw,,,,
462,https://twitter.com/ComMotley/status/1590139749553303554?s=20&t=7EDZp0kBRT1Jwv1BRINKGw,,,,
463,https://twitter.com/LoTus01132239/status/1590140330774761473?s=20&t=7EDZp0kBRT1Jwv1BRINKGw,,,,
464,https://twitter.com/Byron96324753/status/1590140491584401409?s=20&t=7EDZp0kBRT1Jwv1BRINKGw,,,,
465,https://twitter.com/Taticru79846829/status/1590141487484133376?s=20&t=7EDZp0kBRT1Jwv1BRINKGw,,,,
466,https://twitter.com/AmyKremer/status/1590141516479356928?s=20&t=7EDZp0kBRT1Jwv1BRINKGw,,,,
467,https://twitter.com/FollowMyLinez__/status/1590142794030383104?s=20&t=7EDZp0kBRT1Jwv1BRINKGw,,,,
468,https://twitter.com/JoeRivera85/status/1590144095108075520?s=20&t=7EDZp0kBRT1Jwv1BRINKGw,,,,
469,https://twitter.com/sn00pdad/status/1590145063690309632?s=20&t=7EDZp0kBRT1Jwv1BRINKGw,,,,
470,https://twitter.com/RudedogTX/status/1590146373101686785?s=20&t=7EDZp0kBRT1Jwv1BRINKGw,,,,
471,https://twitter.com/SoMuchWinning8/status/1590146533974224897?s=20&t=7EDZp0kBRT1Jwv1BRINKGw,,,,
472,https://twitter.com/Bastian23Berny/status/1590147829397622784,,,,
473,https://twitter.com/Sharphossam/status/1590148266574110720,,,,
474,https://twitter.com/Bastian23Berny/status/1590148394311618561,,,,
475,https://twitter.com/lavisionatl/status/1590149737180958720,,,,
476,https://twitter.com/censura_oficial/status/1590152167071309824,,,,
477,https://twitter.com/EmpactNews/status/1590154812112474112,,,,
478,https://twitter.com/QuebecVeritas/status/1590154764545060864,,,,
479,https://twitter.com/Bastian23Berny/status/1590155446278815745,,,,
480,https://twitter.com/elpais_america/status/1590159957587943424,,,,
481,https://twitter.com/NicoleSGrigg/status/1590159811932745728,,,,
482,https://twitter.com/news_ntd/status/1590159802730168321,,,,
483,https://twitter.com/foundationnews1/status/1590160917702283264,,,,
484,https://twitter.com/politico/status/1590161611037478912,,,,
485,https://twitter.com/foundationnews1/status/1590162127427624961,,,,
486,https://twitter.com/scotnjones/status/1590162632769957888?s=20&t=GkN67iYXyz_zwB0rOpBgHQ,,,,
487,https://twitter.com/AntonioTweets2/status/1590163379770925061?s=20&t=GkN67iYXyz_zwB0rOpBgHQ,,,,
488,https://twitter.com/foundationnews1/status/1590163902020849667?s=20&t=GkN67iYXyz_zwB0rOpBgHQ,,,,
489,https://twitter.com/JMM_2020/status/1590163847868223488?s=20&t=GkN67iYXyz_zwB0rOpBgHQ,,,,
490,https://twitter.com/TheSoleWitness/status/1590165545541722113?s=20&t=GkN67iYXyz_zwB0rOpBgHQ,,,,
491,https://twitter.com/foundationnews1/status/1590165873142403072?s=20&t=GkN67iYXyz_zwB0rOpBgHQ,,,,
492,https://twitter.com/felberjosh/status/1590167186148315137?s=20&t=GkN67iYXyz_zwB0rOpBgHQ,,,,
493,https://twitter.com/rafaelgil251051/status/1590167512796213248?s=20&t=GkN67iYXyz_zwB0rOpBgHQ,,,,
494,https://twitter.com/hotroddergirl/status/1590168200062599168?s=20&t=GkN67iYXyz_zwB0rOpBgHQ,,,,
495,https://twitter.com/Susz_Miles/status/1590171274944253952?s=20&t=GkN67iYXyz_zwB0rOpBgHQ,,,,
496,https://twitter.com/Octavio36916444/status/1590172540441309186?s=20&t=GkN67iYXyz_zwB0rOpBgHQ,,,,
497,https://twitter.com/Brandie27171522/status/1590172740715425792?s=20&t=GkN67iYXyz_zwB0rOpBgHQ,,,,
498,https://twitter.com/lgb452023/status/1590173592578584577?s=20&t=GkN67iYXyz_zwB0rOpBgHQ,,,,
499,https://twitter.com/zhizhen142857/status/1590174198001192961?s=20&t=GkN67iYXyz_zwB0rOpBgHQ,,,,
500,https://twitter.com/Pbett73Patrick/status/1590174136063897600?s=20&t=GkN67iYXyz_zwB0rOpBgHQ,,,,
501,https://twitter.com/lgb452023/status/1590174976283643906?s=20&t=GkN67iYXyz_zwB0rOpBgHQ,,,,
502,https://twitter.com/lgb452023/status/1590177000408612864?s=20&t=GkN67iYXyz_zwB0rOpBgHQ,,,,
503,https://twitter.com/lgb452023/status/1590177333126004736?s=20&t=GkN67iYXyz_zwB0rOpBgHQ,,,,
513,https://twitter.com/IFNY2775/status/1588156363758338048,,,,
